case,fold,dice,iou,precision,recall,tp,fp,fn,tn,n_pred,n_ref,volume_difference,volume_difference_pct
AAA_086,1,0.913385291145145,0.8405788028653961,0.8473077373815684,0.9906407108000717,93991,16938,888,4082487,110929,94879,16050,16.916282844465055
AAA_036,1,0.9388667893684814,0.8847775000932523,0.9719319811514034,0.907977338845506,47440,1370,4808,4140686,48810,52248,-3438,-6.580156178226917
AAA_121,1,0.9406659749080275,0.8879786286731968,0.9194512060190307,0.962882855046155,24930,2184,961,4166229,27114,25891,1223,4.723649144490364
AAA_093,1,0.9496610852878302,0.9041472918749004,0.9784298971657888,0.9225357317055146,62416,1376,5241,4125271,63792,67657,-3865,-5.712638751348715
AAA_034,1,0.9531335435595137,0.9104633525085144,0.9732164708761625,0.9338627056699593,63625,1751,4506,4124422,65376,68131,-2755,-4.0436805565748335
AAA_020,1,0.9593383506635109,0.9218542369416335,0.9832106841101117,0.9365977775469935,54111,924,3663,4135606,55035,57774,-2739,-4.740886904143732
AAA_099,1,0.960418648905804,0.923851363719568,0.9725719424460432,0.9485653426888861,15141,427,821,4177915,15568,15962,-394,-2.46836236060644
AAA_029,1,0.9634200377451383,0.9294218225571528,0.9480866595069484,0.9792575417643183,117412,6429,2487,4067976,123841,119899,3942,3.28776720406342
AAA_025,1,0.963967700226879,0.9304417443722333,0.959450271950272,0.9685278690131869,39514,1670,1284,4151836,41184,40798,386,0.9461248100397078
AAA_197,1,0.9665066609136508,0.9351842187663083,0.9939935656666509,0.9404990403071017,62720,379,3968,4127237,63099,66688,-3589,-5.38177783109405
AAA_041,1,0.9679323367783079,0.9378574402348971,0.9632705421646074,0.9726394727871833,42801,1632,1204,4148667,44433,44005,428,0.9726167480968072
AAA_126,1,0.9694968236361803,0.9407994520279858,0.9688617927142641,0.9701326875536047,19229,618,592,4173865,19847,19821,26,0.13117400736592502
AAA_164,1,0.9696776606502195,0.9411400914224254,0.9747138600350886,0.9646932363155284,35001,908,1281,4157114,35909,36282,-373,-1.028057990187972
AAA_014,1,0.9705316202131489,0.9427502964336749,0.9659211264095695,0.9751863383338051,31008,1094,789,4161413,32102,31797,305,0.9592099883636821
AAA_171,1,0.9705678485737137,0.9428186668047859,0.9836269318059008,0.9578509787413176,18203,303,801,4174997,18506,19004,-498,-2.6205009471690173
AAA_079,1,0.9709649436138185,0.9435683824258653,0.9615280959439428,0.9805888617858247,28542,1142,565,4164055,29684,29107,577,1.9823410176246263
AAA_040,1,0.9712861001454395,0.9441751494587171,0.9710574419764029,0.9715148660256588,35061,1045,1028,4157170,36106,36089,17,0.0471057662999806
AAA_137,1,0.9719410967298657,0.9454138217549944,0.9534971277280511,0.9911126821016487,78510,3829,704,4111261,82339,79214,3125,3.9450097205039514
AAA_094,1,0.9727611014636567,0.946966769706337,0.973582282252458,0.9719413047789014,19606,532,566,4173600,20138,20172,-34,-0.16855046599246482
AAA_048,1,0.9729709171125028,0.9473645228984076,0.9773821349430732,0.9685993386677436,38373,888,1244,4153799,39261,39617,-356,-0.8986041345886867
AAA_183,1,0.9735147180024624,0.948396177788351,0.9865948978118748,0.9607768316195373,47839,650,1953,4143862,48489,49792,-1303,-2.6168862467866325
AAA_181,1,0.9742131611185892,0.9497228119839585,0.9590554463700792,0.989857700464087,32207,1375,330,4160392,33582,32537,1045,3.2117281863724374
AAA_168,1,0.9751091224831427,0.9514272630132804,0.9765911441195826,0.9736315921019745,31164,747,844,4161549,31911,32008,-97,-0.30304923769057734
AAA_105,1,0.9756440322169816,0.9524462812751874,0.9751900690042666,0.9760984182776802,55540,1413,1360,4135991,56953,56900,53,0.09314586994727592
AAA_043,1,0.9758181874477506,0.952778281637342,0.9668868754218395,0.984916038168257,47274,1619,724,4144687,48893,47998,895,1.8646610275428144
AAA_198,1,0.9758236548945247,0.952788706317982,0.9800733770234694,0.971610628314407,69989,1423,2045,4120847,71412,72034,-622,-0.8634811339089874
AAA_068,1,0.9758254378409417,0.9527921058533303,0.970087909578719,0.9816312384473198,42485,1310,795,4149714,43795,43280,515,1.1899260628465804
AAA_155,1,0.9760080230405267,0.9531403028552774,0.9843612220550858,0.9677954000713958,37955,603,1263,4154483,38558,39218,-660,-1.6829007088581773
AAA_118,1,0.9766940197350202,0.9544496353691887,0.9769076012479225,0.9764805315924457,33505,792,807,4159200,34297,34312,-15,-0.043716484028911165
AAA_129,1,0.9775380172828687,0.9560629478712941,0.9793600759963729,0.9757227257083859,68043,1434,1693,4123134,69477,69736,-259,-0.37140071125387175
AAA_005,1,0.9780685314190742,0.9570783966338169,0.9759633027522936,0.9801828620029768,69147,1703,1398,4122056,70850,70545,305,0.4323481465731094
AAA_052,1,0.9792458795081898,0.9593357105787421,0.9767921521166614,0.9817119655996505,114608,2723,2135,4074838,117331,116743,588,0.5036704556161825
AAA_185,1,0.9798914487417922,0.9605756637694963,0.9879081015719468,0.9720038553055631,64543,790,1859,4127112,65333,66402,-1069,-1.609891268335291
AAA_003,1,0.9799369516873977,0.9606631210770926,0.9846410725466845,0.9752775649678352,80200,1251,2033,4110820,81451,82233,-782,-0.9509564286843482
AAA_071,1,0.9802589205204174,0.961282172745934,0.9841572634097449,0.9763913392141139,60878,980,1472,4130974,61858,62350,-492,-0.789093825180433
AAA_069,1,0.9807192440598147,0.962167919235558,0.9814395446338403,0.98,64141,1213,1309,4127641,65354,65450,-96,-0.1466768525592055
AAA_090,1,0.9810863683300147,0.962874906994843,0.9882381855206798,0.9740373218904913,112588,1340,3001,4077375,113928,115589,-1661,-1.4369879486802377
AAA_080,1,0.9827673997730131,0.9661186630803189,0.9938087025571671,0.9719687408989418,80098,499,2310,4111397,80597,82408,-1811,-2.1976021745461605
AAA_195,1,0.9833863246570818,0.9673156563877342,0.9780426798378926,0.9887886814497091,123562,2774,1401,4066567,126336,124963,1373,1.0987252226659092
AAA_049,1,0.9854685765875595,0.9713534286329679,0.9842630031244256,0.9866771069631404,85686,1370,1157,4106091,87056,86843,213,0.2452702002464217
